id,type,prompt,answers,explanation
n5-p01,9,毎日、学校（　）行きます。請填入表示移動目的地的助詞。,に|へ,に 表示到達的目的地；へ 表示移動方向。此句兩者都合理。
n5-p02,9,図書館（　）本を読みます。請填入表示動作場所的助詞。,で,讀書是動作；動作發生的場所使用 で。に 常用於存在的位置。
n5-p03,9,机の上（　）本があります。請填入表示存在位置的助詞。,に,あります 表示物品存在；存在的位置用 に。
n5-p04,9,水（　）飲みます。請填入表示直接受詞的助詞。,を,喝的對象是水，直接受詞用 を。
n5-p05,9,毎朝、七時（　）起きます。請填入表示確切時間點的助詞。,に,七時是確切時間點，通常用 に；毎朝 本身不加 に。
n5-p06,9,これは私（　）本です。請填入表示所有關係的助詞。,の,名詞與名詞之間用 の 表示所屬：私の本＝我的書。
n5-p07,9,バス（　）会社へ行きます。請填入表示交通工具的助詞。,で,で 可表示手段或交通工具；步行通常說 歩いて。
n5-p08,9,授業は九時（　）始まります。請填入表示「從九點開始」的助詞。,から,から 表示時間起點。本題指定「從」的意思；若只指出開始時間也可說 九時に。
n5-p09,9,授業は午後五時（　）です。請填入表示「到五點為止」的助詞。,まで,まで 表示時間或範圍的終點。
n5-p10,9,パン（　）卵を買いました。請填入完整列舉「麵包和雞蛋」的助詞。,と,と 用來完整列舉名詞；や 表示只列舉部分例子，語意不同。
n5-p11,9,A：私は学生です。B：私（　）学生です。請填入表示「我也是」的助詞。,も,も 表示也，用來補充與前文相同的情況。
n5-p12,9,日本語（　）手紙を書きます。請填入表示使用語言的助詞。,で,此處 で 表示書寫使用的語言或手段，而不是地點。
